,content,time,author,channel
0,_exp,2021-05-27 07:47:40.779,Prim,839856702974066708
1,_upd,2021-05-27 07:47:29.247,Prim,839856702974066708
2,_serv,2021-05-27 07:47:18.710,Prim,839856702974066708
3,?,2021-05-27 07:47:11.269,Prim,839856702974066708
4,the best,2021-05-27 07:46:14.580,Prim,839856702974066708
5,https://tenor.com/view/swin-lamp-swin-burne-bouncing-lamp-gif-16757994,2021-05-27 07:44:47.910,Prim,839856702974066708
6,Let's study,2021-05-27 07:42:36.267,Prim,839856702974066708
7,https://librarysearch.swinburne.edu.au/primo-explore/account?vid=SWIN2&lang=en_US&section=overview,2021-05-27 07:41:29.284,Prim,839856702974066708
8,python is the best,2021-05-27 07:29:41.954,Prim,839856702974066708
9,hello world,2021-05-27 07:29:34.180,Prim,839856702974066708
10,?,2021-05-27 07:28:49.493,Prim,839856702974066708
